{"1":{"n":"Acton Vale","l":"Acton Vale"},"2":{"n":"Alma","l":"Alma"},"3":{"n":"Amos","l":"Amos"},"4":{"n":"Amqui","l":"Amqui"},"5":{"n":"Asbestos","l":"Asbestos"},"6":{"n":"Baie-Comeau","l":"Baie-Comeau"},"7":{"n":"Baie-D'Urfé","l":"Baie-D'Urfé"},"8":{"n":"Baie-Saint-Paul","l":"Baie-Saint-Paul"},"9":{"n":"Barkmere","l":"Barkmere"},"10":{"n":"Beaconsfield","l":"Beaconsfield"},"11":{"n":"Beauceville","l":"Beauceville"},"12":{"n":"Beauharnois","l":"Beauharnois"},"13":{"n":"Beaupré","l":"Beaupré"},"14":{"n":"Bedford","l":"Bedford"},"15":{"n":"Belleterre","l":"Belleterre"},"16":{"n":"Beloeil","l":"Beloeil"},"17":{"n":"Berthierville","l":"Berthierville"},"18":{"n":"Blainville","l":"Blainville"},"19":{"n":"Bois-des-Filion","l":"Bois-des-Filion"},"20":{"n":"Boisbriand","l":"Boisbriand"},"21":{"n":"Bonaventure","l":"Bonaventure"},"22":{"n":"Boucherville","l":"Boucherville"},"23":{"n":"Bromont","l":"Bromont"},"24":{"n":"Brossard","l":"Brossard"},"25":{"n":"Brownsburg-Chatham","l":"Brownsburg-Chatham"},"26":{"n":"Bécancour","l":"Bécancour"},"27":{"n":"Candiac","l":"Candiac"},"28":{"n":"Cap-Chat","l":"Cap-Chat"},"29":{"n":"Cap-Santé","l":"Cap-Santé"},"30":{"n":"Carignan","l":"Carignan"},"31":{"n":"Carleton-sur-Mer","l":"Carleton-sur-Mer"},"32":{"n":"Causapscal","l":"Causapscal"},"33":{"n":"Chambly","l":"Chambly"},"34":{"n":"Chandler","l":"Chandler"},"35":{"n":"Chapais","l":"Chapais"},"36":{"n":"Charlemagne","l":"Charlemagne"},"37":{"n":"Chibougamau","l":"Chibougamau"},"38":{"n":"Château-Richer","l":"Château-Richer"},"39":{"n":"Châteauguay","l":"Châteauguay"},"40":{"n":"Clermont","l":"Clermont"},"41":{"n":"Coaticook","l":"Coaticook"},"42":{"n":"Contrecoeur","l":"Contrecoeur"},"43":{"n":"Cookshire-Eaton","l":"Cookshire-Eaton"},"44":{"n":"Coteau-du-Lac","l":"Coteau-du-Lac"},"45":{"n":"Cowansville","l":"Cowansville"},"46":{"n":"Côte-Saint-Luc","l":"Côte-Saint-Luc"},"47":{"n":"Danville","l":"Danville"},"48":{"n":"Daveluyville","l":"Daveluyville"},"49":{"n":"Delson","l":"Delson"},"50":{"n":"Desbiens","l":"Desbiens"},"51":{"n":"Deux-Montagnes","l":"Deux-Montagnes"},"52":{"n":"Disraeli","l":"Disraeli"},"53":{"n":"Dolbeau-Mistassini","l":"Dolbeau-Mistassini"},"54":{"n":"Dollard-Des Ormeaux","l":"Dollard-Des Ormeaux"},"55":{"n":"Donnacona","l":"Donnacona"},"56":{"n":"Dorval","l":"Dorval"},"57":{"n":"Drummondville","l":"Drummondville"},"58":{"n":"Dunham","l":"Dunham"},"59":{"n":"Duparquet","l":"Duparquet"},"60":{"n":"Dégelis","l":"Dégelis"},"61":{"n":"East Angus","l":"East Angus"},"62":{"n":"Estérel","l":"Estérel"},"63":{"n":"Farnham","l":"Farnham"},"64":{"n":"Fermont","l":"Fermont"},"65":{"n":"Forestville","l":"Forestville"},"66":{"n":"Fossambault-sur-le-Lac","l":"Fossambault-sur-le-Lac"},"67":{"n":"Gaspé","l":"Gaspé"},"68":{"n":"Gatineau","l":"Gatineau"},"69":{"n":"Gracefield","l":"Gracefield"},"70":{"n":"Granby","l":"Granby"},"71":{"n":"Grande-Rivière","l":"Grande-Rivière"},"72":{"n":"Hampstead","l":"Hampstead"},"73":{"n":"Hudson","l":"Hudson"},"74":{"n":"Huntingdon","l":"Huntingdon"},"75":{"n":"Joliette","l":"Joliette"},"76":{"n":"Kingsey Falls","l":"Kingsey Falls"},"77":{"n":"Kirkland","l":"Kirkland"},"78":{"n":"L'Ancienne-Lorette","l":"L'Ancienne-Lorette"},"79":{"n":"L'Assomption","l":"L'Assomption"},"80":{"n":"L'Épiphanie","l":"L'Épiphanie"},"81":{"n":"L'Île-Cadieux","l":"L'Île-Cadieux"},"82":{"n":"L'Île-Dorval","l":"L'Île-Dorval"},"83":{"n":"L'Île-Perrot","l":"L'Île-Perrot"},"84":{"n":"La Malbaie","l":"La Malbaie"},"85":{"n":"La Pocatière","l":"La Pocatière"},"86":{"n":"La Prairie","l":"La Prairie"},"87":{"n":"La Sarre","l":"La Sarre"},"88":{"n":"La Tuque","l":"La Tuque"},"89":{"n":"Lac-Brome","l":"Lac-Brome"},"90":{"n":"Lac-Delage","l":"Lac-Delage"},"91":{"n":"Lac-Mégantic","l":"Lac-Mégantic"},"92":{"n":"Lac-Saint-Joseph","l":"Lac-Saint-Joseph"},"93":{"n":"Lac-Sergent","l":"Lac-Sergent"},"94":{"n":"Lachute","l":"Lachute"},"95":{"n":"Laval","l":"Laval"},"96":{"n":"Lavaltrie","l":"Lavaltrie"},"97":{"n":"Lebel-sur-Quévillon","l":"Lebel-sur-Quévillon"},"98":{"n":"Longueuil","l":"Longueuil"},"99":{"n":"Lorraine","l":"Lorraine"},"100":{"n":"Louiseville","l":"Louiseville"},"101":{"n":"Léry","l":"Léry"},"102":{"n":"Lévis","l":"Lévis"},"103":{"n":"Macamic","l":"Macamic"},"104":{"n":"Magog","l":"Magog"},"105":{"n":"Malartic","l":"Malartic"},"106":{"n":"Maniwaki","l":"Maniwaki"},"107":{"n":"Marieville","l":"Marieville"},"108":{"n":"Mascouche","l":"Mascouche"},"109":{"n":"Matagami","l":"Matagami"},"110":{"n":"Matane","l":"Matane"},"111":{"n":"Mercier","l":"Mercier"},"112":{"n":"Mirabel","l":"Mirabel"},"113":{"n":"Mont-Joli","l":"Mont-Joli"},"114":{"n":"Mont-Laurier","l":"Mont-Laurier"},"115":{"n":"Mont-Royal","l":"Mont-Royal"},"116":{"n":"Mont-Saint-Hilaire","l":"Mont-Saint-Hilaire"},"117":{"n":"Mont-Tremblant","l":"Mont-Tremblant"},"118":{"n":"Montmagny","l":"Montmagny"},"119":{"n":"Montréal","l":"Montréal"},"120":{"n":"Montréal-Est","l":"Montréal-Est"},"121":{"n":"Montréal-Ouest","l":"Montréal-Ouest"},"122":{"n":"Murdochville","l":"Murdochville"},"123":{"n":"Métabetchouan—Lac-à-la-Croix","l":"Métabetchouan—Lac-à-la-Croix"},"124":{"n":"Métis-sur-Mer","l":"Métis-sur-Mer"},"125":{"n":"Neuville","l":"Neuville"},"126":{"n":"New Richmond","l":"New Richmond"},"127":{"n":"Nicolet","l":"Nicolet"},"128":{"n":"Normandin","l":"Normandin"},"129":{"n":"Notre-Dame-de-l'Île-Perrot","l":"Notre-Dame-de-l'Île-Perrot"},"130":{"n":"Notre-Dame-des-Prairies","l":"Notre-Dame-des-Prairies"},"131":{"n":"Otterburn Park","l":"Otterburn Park"},"132":{"n":"Paspébiac","l":"Paspébiac"},"133":{"n":"Percé","l":"Percé"},"134":{"n":"Pincourt","l":"Pincourt"},"135":{"n":"Plessisville","l":"Plessisville"},"136":{"n":"Pohénégamook","l":"Pohénégamook"},"137":{"n":"Pointe-Claire","l":"Pointe-Claire"},"138":{"n":"Pont-Rouge","l":"Pont-Rouge"},"139":{"n":"Port-Cartier","l":"Port-Cartier"},"140":{"n":"Portneuf","l":"Portneuf"},"141":{"n":"Princeville","l":"Princeville"},"142":{"n":"Prévost","l":"Prévost"},"143":{"n":"Québec","l":"Québec"},"144":{"n":"Repentigny","l":"Repentigny"},"145":{"n":"Richelieu","l":"Richelieu"},"146":{"n":"Richmond","l":"Richmond"},"147":{"n":"Rigaud","l":"Rigaud"},"148":{"n":"Rimouski","l":"Rimouski"},"149":{"n":"Rivière-Rouge","l":"Rivière-Rouge"},"150":{"n":"Rivière-du-Loup","l":"Rivière-du-Loup"},"151":{"n":"Roberval","l":"Roberval"},"152":{"n":"Rosemère","l":"Rosemère"},"153":{"n":"Rouyn-Noranda","l":"Rouyn-Noranda"},"154":{"n":"Saguenay","l":"Saguenay"},"155":{"n":"Saint-Augustin-de-Desmaures","l":"Saint-Augustin-de-Desmaures"},"156":{"n":"Saint-Basile","l":"Saint-Basile"},"157":{"n":"Saint-Basile-le-Grand","l":"Saint-Basile-le-Grand"},"158":{"n":"Saint-Bruno-de-Montarville","l":"Saint-Bruno-de-Montarville"},"159":{"n":"Saint-Colomban","l":"Saint-Colomban"},"160":{"n":"Saint-Constant","l":"Saint-Constant"},"161":{"n":"Saint-Césaire","l":"Saint-Césaire"},"162":{"n":"Saint-Eustache","l":"Saint-Eustache"},"163":{"n":"Saint-Félicien","l":"Saint-Félicien"},"164":{"n":"Saint-Gabriel","l":"Saint-Gabriel"},"165":{"n":"Saint-Georges","l":"Saint-Georges"},"166":{"n":"Saint-Hyacinthe","l":"Saint-Hyacinthe"},"167":{"n":"Saint-Jean-sur-Richelieu","l":"Saint-Jean-sur-Richelieu"},"168":{"n":"Saint-Joseph-de-Beauce","l":"Saint-Joseph-de-Beauce"},"169":{"n":"Saint-Joseph-de-Sorel","l":"Saint-Joseph-de-Sorel"},"170":{"n":"Saint-Jérôme","l":"Saint-Jérôme"},"171":{"n":"Saint-Lambert","l":"Saint-Lambert"},"172":{"n":"Saint-Lazare","l":"Saint-Lazare"},"173":{"n":"Saint-Lin—Laurentides","l":"Saint-Lin—Laurentides"},"174":{"n":"Saint-Marc-des-Carrières","l":"Saint-Marc-des-Carrières"},"175":{"n":"Saint-Ours","l":"Saint-Ours"},"176":{"n":"Saint-Pamphile","l":"Saint-Pamphile"},"177":{"n":"Saint-Pascal","l":"Saint-Pascal"},"178":{"n":"Saint-Pie","l":"Saint-Pie"},"179":{"n":"Saint-Raymond","l":"Saint-Raymond"},"180":{"n":"Saint-Rémi","l":"Saint-Rémi"},"181":{"n":"Saint-Sauveur","l":"Saint-Sauveur"},"182":{"n":"Saint-Tite","l":"Saint-Tite"},"183":{"n":"Sainte-Adèle","l":"Sainte-Adèle"},"184":{"n":"Sainte-Agathe-des-Monts","l":"Sainte-Agathe-des-Monts"},"185":{"n":"Sainte-Anne-de-Beaupré","l":"Sainte-Anne-de-Beaupré"},"186":{"n":"Sainte-Anne-de-Bellevue","l":"Sainte-Anne-de-Bellevue"},"187":{"n":"Sainte-Anne-des-Monts","l":"Sainte-Anne-des-Monts"},"188":{"n":"Sainte-Anne-des-Plaines","l":"Sainte-Anne-des-Plaines"},"189":{"n":"Sainte-Brigitte-de-Laval","l":"Sainte-Brigitte-de-Laval"},"190":{"n":"Sainte-Catherine","l":"Sainte-Catherine"},"191":{"n":"Sainte-Catherine-de-la-Jacques-Cartier","l":"Sainte-Catherine-de-la-Jacques-Cartier"},"192":{"n":"Sainte-Julie","l":"Sainte-Julie"},"193":{"n":"Sainte-Marguerite-du-Lac-Masson","l":"Sainte-Marguerite-du-Lac-Masson"},"194":{"n":"Sainte-Marie","l":"Sainte-Marie"},"195":{"n":"Sainte-Marthe-sur-le-Lac","l":"Sainte-Marthe-sur-le-Lac"},"196":{"n":"Sainte-Thérèse","l":"Sainte-Thérèse"},"197":{"n":"Salaberry-de-Valleyfield","l":"Salaberry-de-Valleyfield"},"198":{"n":"Schefferville","l":"Schefferville"},"199":{"n":"Scotstown","l":"Scotstown"},"200":{"n":"Senneterre","l":"Senneterre"},"201":{"n":"Sept-Îles","l":"Sept-Îles"},"202":{"n":"Shawinigan","l":"Shawinigan"},"203":{"n":"Sherbrooke","l":"Sherbrooke"},"204":{"n":"Sorel-Tracy","l":"Sorel-Tracy"},"205":{"n":"Stanstead","l":"Stanstead"},"206":{"n":"Sutton","l":"Sutton"},"207":{"n":"Terrebonne","l":"Terrebonne"},"208":{"n":"Thetford Mines","l":"Thetford Mines"},"209":{"n":"Thurso","l":"Thurso"},"210":{"n":"Trois-Pistoles","l":"Trois-Pistoles"},"211":{"n":"Trois-Rivières","l":"Trois-Rivières"},"212":{"n":"Témiscaming","l":"Témiscaming"},"213":{"n":"Témiscouata-sur-le-Lac","l":"Témiscouata-sur-le-Lac"},"214":{"n":"Val-d'Or","l":"Val-d'Or"},"215":{"n":"Valcourt","l":"Valcourt"},"216":{"n":"Varennes","l":"Varennes"},"217":{"n":"Vaudreuil-Dorion","l":"Vaudreuil-Dorion"},"218":{"n":"Victoriaville","l":"Victoriaville"},"219":{"n":"Ville-Marie","l":"Ville-Marie"},"220":{"n":"Warwick","l":"Warwick"},"221":{"n":"Waterloo","l":"Waterloo"},"222":{"n":"Waterville","l":"Waterville"},"223":{"n":"Westmount","l":"Westmount"},"224":{"n":"Windsor","l":"Windsor"}}