{"AG":{"n":"Aargau","l":"Aargau","s":"AG"},"AR":{"n":"Appenzell Ausserrhoden","l":"Appenzell Ausserrhoden","s":"AR"},"AI":{"n":"Appenzell Innerrhoden","l":"Appenzell Innerrhoden","s":"AI"},"BL":{"n":"Basel-Landschaft","l":"Basel-Landschaft","s":"BL"},"BS":{"n":"Basel-Stadt","l":"Basel-Stadt","s":"BS"},"BE":{"n":"Bern","l":"Bern","s":"BE"},"FR":{"n":"Fribourg","l":"Fribourg","s":"FR"},"GE":{"n":"Geneva","l":"Genève","s":"GE"},"GL":{"n":"Glarus","l":"Glarus","s":"GL"},"GR":{"n":"Graubunden","l":"Graubünden","s":"GR"},"JU":{"n":"Jura","l":"Jura","s":"JU"},"LU":{"n":"Lucerne","l":"Luzern","s":"LU"},"NE":{"n":"Neuchatel","l":"Neuchâtel","s":"NE"},"NW":{"n":"Nidwalden","l":"Nidwalden","s":"NW"},"OW":{"n":"Obwalden","l":"Obwalden","s":"OW"},"SH":{"n":"Schaffhausen","l":"Schaffhausen","s":"SH"},"SZ":{"n":"Schwyz","l":"Schwyz","s":"SZ"},"SO":{"n":"Solothurn","l":"Solothurn","s":"SO"},"SG":{"n":"St. Gallen","l":"Sankt Gallen","s":"SG"},"TG":{"n":"Thurgau","l":"Thurgau","s":"TG"},"TI":{"n":"Ticino","l":"Ticino","s":"TI"},"UR":{"n":"Uri","l":"Uri","s":"UR"},"VS":{"n":"Valais","l":"Valais","s":"VS"},"VD":{"n":"Vaud","l":"Vaud","s":"VD"},"ZG":{"n":"Zug","l":"Zug","s":"ZG"},"ZH":{"n":"Zurich","l":"Zürich","s":"ZH"}}