{"ARA": {"n": "Auvergne-Rhône-Alpes", "l": "Auvergne-Rhône-Alpes", "s": "ARA"}, "BFC": {"n": "Bourgogne-Franche-Comté", "l": "Bourgogne-Franche-Comté", "s": "BFC"}, "BRE": {"n": "Brittany", "l": "Bretagne", "s": "BRE"}, "CVL": {"n": "Centre-Val de Loire", "l": "Centre-Val de Loire", "s": "CVL"}, "COR": {"n": "Corsica", "l": "Corse", "s": "COR"}, "GES": {"n": "Grand Est", "l": "Grand Est", "s": "GES"}, "HTF": {"n": "Hauts-de-France", "l": "Hauts-de-France", "s": "HTF"}, "ILE": {"n": "Île-de-France", "l": "Île-de-France", "s": "ILE"}, "NMD": {"n": "Normandy", "l": "Normandie", "s": "NMD"}, "NAQ": {"n": "Nouvelle-Aquitaine", "l": "Nouvelle-Aquitaine", "s": "NAQ"}, "OCC": {"n": "Occitanie", "l": "Occitanie", "s": "OCC"}, "PAY": {"n": "Pays de la Loire", "l": "Pays de la Loire", "s": "PAY"}, "PRO": {"n": "Provence-Alpes-Côte d’Azur", "l": "Provence-Alpes-Côte d’Azur", "s": "PRO"}}