{"AC": {"n": "Aceh", "l": "Aceh", "s": "AC"}, "BA": {"n": "Bali", "l": "Bali", "s": "BA"}, "BB": {"n": "Bangka Belitung Islands", "l": "Kepulauan Bangka Belitung", "s": "BB"}, "BE": {"n": "Bengkulu", "l": "Bengkulu", "s": "BE"}, "BT": {"n": "Banten", "l": "Banten", "s": "BT"}, "GO": {"n": "Gorontalo", "l": "Gorontalo", "s": "GO"}, "JA": {"n": "Jambi", "l": "Jambi", "s": "JA"}, "JB": {"n": "West Java", "l": "Jawa Barat", "s": "JB"}, "JI": {"n": "East Java", "l": "Jawa Timur", "s": "JI"}, "JK": {"n": "Jakarta Special Capital Region", "l": "Daerah Khusus Ibukota Jakarta", "s": "JK"}, "JT": {"n": "Central Java", "l": "Jawa Tengah", "s": "JT"}, "KB": {"n": "West Kalimantan", "l": "Kalimantan Barat", "s": "KB"}, "KI": {"n": "East Kalimantan", "l": "Kalimantan Timur", "s": "KI"}, "KR": {"n": "Riau Islands", "l": "Kepulauan Riau", "s": "KR"}, "KS": {"n": "South Kalimantan", "l": "Kalimantan Selatan", "s": "KS"}, "KT": {"n": "Central Kalimantan", "l": "Kalimantan Tengah", "s": "KT"}, "KU": {"n": "North Kalimantan", "l": "Kalimantan Utara", "s": "KU"}, "LA": {"n": "Lampung", "l": "Lampung", "s": "LA"}, "MA": {"n": "Maluku", "l": "Maluku", "s": "MA"}, "MU": {"n": "North Maluku", "l": "Maluku Utara", "s": "MU"}, "NB": {"n": "West Nusa Tenggara", "l": "Nusa Tenggara Barat", "s": "NB"}, "NT": {"n": "East Nusa Tenggara", "l": "Nusa Tenggara Timur", "s": "NT"}, "PA": {"n": "Papua", "l": "Papua", "s": "PA"}, "PB": {"n": "West Papua", "l": "Papua Barat", "s": "PB"}, "PD": {"n": "Southwest Papua", "l": "Papua Barat Daya", "s": "PD"}, "PE": {"n": "Highland Papua", "l": "Papua Pegunungan", "s": "PE"}, "PT": {"n": "Central Papua", "l": "Papua Tengah", "s": "PT"}, "PS": {"n": "South Papua", "l": "Papua Selatan", "s": "PS"}, "RI": {"n": "Riau", "l": "Riau", "s": "RI"}, "SA": {"n": "North Sulawesi", "l": "Sulawesi Utara", "s": "SA"}, "SB": {"n": "West Sumatra", "l": "Sumatera Barat", "s": "SB"}, "SG": {"n": "Southeast Sulawesi", "l": "Sulawesi Tenggara", "s": "SG"}, "SN": {"n": "South Sulawesi", "l": "Sulawesi Selatan", "s": "SN"}, "SR": {"n": "West Sulawesi", "l": "Sulawesi Barat", "s": "SR"}, "ST": {"n": "Central Sulawesi", "l": "Sulawesi Tengah", "s": "ST"}, "SU": {"n": "North Sumatra", "l": "Sumatera Utara", "s": "SU"}, "SS": {"n": "South Sumatra", "l": "Sumatera Selatan", "s": "SS"}, "YO": {"n": "Yogyakarta Special Region", "l": "Daerah Istimewa Yogyakarta", "s": "YO"}}
