{
  "1": {
    "n": "La Plata",
    "l": "La Plata"
  },
  "2": {
    "n": "Mar del Plata",
    "l": "Mar del Plata"
  },
  "3": {
    "n": "Bahía Blanca",
    "l": "Bahía Blanca"
  },
  "4": {
    "n": "Quilmes",
    "l": "Quilmes"
  },
  "5": {
    "n": "Lomas de Zamora",
    "l": "Lomas de Zamora"
  },
  "6": {
    "n": "Lanús",
    "l": "Lanús"
  },
  "7": {
    "n": "Avellaneda",
    "l": "Avellaneda"
  },
  "8": {
    "n": "Morón",
    "l": "Morón"
  },
  "9": {
    "n": "Merlo",
    "l": "Merlo"
  },
  "10": {
    "n": "Moreno",
    "l": "Moreno"
  },
  "11": {
    "n": "San Isidro",
    "l": "San Isidro"
  },
  "12": {
    "n": "Vicente López",
    "l": "Vicente López"
  },
  "13": {
    "n": "Tres de Febrero",
    "l": "Tres de Febrero"
  },
  "14": {
    "n": "San Miguel",
    "l": "San Miguel"
  },
  "15": {
    "n": "José C. Paz",
    "l": "José C. Paz"
  },
  "16": {
    "n": "Malvinas Argentinas",
    "l": "Malvinas Argentinas"
  },
  "17": {
    "n": "Tigre",
    "l": "Tigre"
  },
  "18": {
    "n": "San Fernando",
    "l": "San Fernando"
  },
  "19": {
    "n": "Campana",
    "l": "Campana"
  },
  "20": {
    "n": "Zárate",
    "l": "Zárate"
  },
  "21": {
    "n": "San Nicolás de los Arroyos",
    "l": "San Nicolás de los Arroyos"
  },
  "22": {
    "n": "Pergamino",
    "l": "Pergamino"
  },
  "23": {
    "n": "Junín",
    "l": "Junín"
  },
  "24": {
    "n": "Tandil",
    "l": "Tandil"
  },
  "25": {
    "n": "Olavarría",
    "l": "Olavarría"
  },
  "26": {
    "n": "Necochea",
    "l": "Necochea"
  },
  "27": {
    "n": "Azul",
    "l": "Azul"
  },
  "28": {
    "n": "Tres Arroyos",
    "l": "Tres Arroyos"
  },
  "29": {
    "n": "Luján",
    "l": "Luján"
  },
  "30": {
    "n": "Chivilcoy",
    "l": "Chivilcoy"
  }
}
