{"1":{"n":"Amberg","l":"Amberg"},"2":{"n":"Ansbach","l":"Ansbach"},"3":{"n":"Aschaffenburg","l":"Aschaffenburg"},"4":{"n":"Augsburg","l":"Augsburg"},"5":{"n":"Bamberg","l":"Bamberg"},"6":{"n":"Bayreuth","l":"Bayreuth"},"7":{"n":"Coburg","l":"Coburg"},"8":{"n":"Erlangen","l":"Erlangen"},"9":{"n":"Fuerth","l":"Fürth"},"10":{"n":"Hof","l":"Hof"},"11":{"n":"Ingolstadt","l":"Ingolstadt"},"12":{"n":"Kaufbeuren","l":"Kaufbeuren"},"13":{"n":"Kempten (Allgaeu)","l":"Kempten (Allgäu)"},"14":{"n":"Landshut","l":"Landshut"},"15":{"n":"Memmingen","l":"Memmingen"},"16":{"n":"Munich","l":"München"},"17":{"n":"Nuremberg","l":"Nürnberg"},"18":{"n":"Passau","l":"Passau"},"19":{"n":"Regensburg","l":"Regensburg"},"20":{"n":"Rosenheim","l":"Rosenheim"},"21":{"n":"Schwabach","l":"Schwabach"},"22":{"n":"Schweinfurt","l":"Schweinfurt"},"23":{"n":"Straubing","l":"Straubing"},"24":{"n":"Weiden in der Oberpfalz","l":"Weiden in der Oberpfalz"},"25":{"n":"Wuerzburg","l":"Würzburg"}}
